Rk_3rd,Team_3rd,Date_3rd,Thru Inn._3rd,RS_3rd,RA_3rd,Diff_3rd,Unnamed: 7_3rd,Opp_3rd,Result_3rd,PA_3rd,AB_3rd,R_3rd,H_3rd,1B_3rd,2B_3rd,3B_3rd,HR_3rd,RBI_3rd,SB_3rd,CS_3rd,BB_3rd,SO_3rd,BA_3rd,OBP_3rd,SLG_3rd,OPS_3rd,TB_3rd,GIDP_3rd,HBP_3rd,SH_3rd,SF_3rd,IBB_3rd,Key,Rk_6th,Team_6th,Date_6th,Thru Inn._6th,RS_6th,RA_6th,Diff_6th,Unnamed: 7_6th,Opp_6th,Result_6th,PA_6th,AB_6th,R_6th,H_6th,1B_6th,2B_6th,3B_6th,HR_6th,RBI_6th,SB_6th,CS_6th,BB_6th,SO_6th,BA_6th,OBP_6th,SLG_6th,OPS_6th,TB_6th,GIDP_6th,HBP_6th,SH_6th,SF_6th,IBB_6th,Unnamed: 33
17,LAA,2025-04-24,3,0,3,-3,,PIT,"W, 4-3",32,31,4,6,2,1,1,2,4,0,0,1,7,0.194,0.219,0.484,0.703,15,0,0,0,0,0,2025-04-24_LAA,83,LAA,2025-04-24,6,3,3,0,,PIT,"W, 4-3",32,31,4,6,2,1,1,2,4,0,0,1,7,0.194,0.219,0.484,0.703,15,0,0,0,0,0,Keep
38,SDP,2024-09-04,3,0,3,-3,,DET,"W, 6-5 (10)",47,38,6,10,7,2,0,1,6,1,0,8,7,0.263,0.391,0.395,0.786,15,0,0,1,0,1,2024-09-04_SDP,158,SDP,2024-09-04,6,5,5,0,,DET,"W, 6-5 (10)",47,38,6,10,7,2,0,1,6,1,0,8,7,0.263,0.391,0.395,0.786,15,0,0,1,0,1,Keep
44,LAD,2024-08-23,3,0,3,-3,,TBR,"W, 7-3",37,32,7,9,7,0,0,2,7,1,1,3,4,0.281,0.361,0.469,0.83,15,1,1,1,0,0,2024-08-23_LAD,182,LAD,2024-08-23,6,3,3,0,,TBR,"W, 7-3",37,32,7,9,7,0,0,2,7,1,1,3,4,0.281,0.361,0.469,0.83,15,1,1,1,0,0,Keep
57,CLE,2024-07-28,3,0,3,-3,@,PHI,"W, 4-3",36,35,4,9,6,1,0,2,4,1,0,1,4,0.257,0.278,0.457,0.735,16,1,0,0,0,0,2024-07-28_CLE,221,CLE,2024-07-28,6,3,3,0,@,PHI,"W, 4-3",36,35,4,9,6,1,0,2,4,1,0,1,4,0.257,0.278,0.457,0.735,16,1,0,0,0,0,Keep
67,LAD,2024-06-29,3,2,5,-3,@,SFG,"W, 14-7 (11)",54,47,14,16,10,4,1,1,14,0,0,5,8,0.34,0.407,0.532,0.939,25,1,1,0,1,1,2024-06-29_LAD,263,LAD,2024-06-29,6,6,6,0,@,SFG,"W, 14-7 (11)",54,47,14,16,10,4,1,1,14,0,0,5,8,0.34,0.407,0.532,0.939,25,1,1,0,1,1,Keep
71,MIN,2024-06-14,3,1,4,-3,,OAK,"W, 6-5 (10)",40,35,6,10,8,0,1,1,6,0,0,4,5,0.286,0.375,0.429,0.804,15,3,1,0,0,1,2024-06-14_MIN,281,MIN,2024-06-14,6,4,4,0,,OAK,"W, 6-5 (10)",40,35,6,10,8,0,1,1,6,0,0,4,5,0.286,0.375,0.429,0.804,15,3,1,0,0,1,Keep
101,LAA,2024-04-01,3,1,4,-3,@,MIA,"W, 7-4",39,33,7,7,2,1,1,3,6,2,1,6,7,0.212,0.333,0.576,0.909,19,0,0,0,0,0,2024-04-01_LAA,410,LAA,2024-04-01,6,4,4,0,@,MIA,"W, 7-4",39,33,7,7,2,1,1,3,6,2,1,6,7,0.212,0.333,0.576,0.909,19,0,0,0,0,0,Keep
102,BAL,2024-04-01,3,0,3,-3,,KCR,"W, 6-4",35,34,6,9,6,1,0,2,6,0,0,1,7,0.265,0.286,0.471,0.756,16,0,0,0,0,0,2024-04-01_BAL,411,BAL,2024-04-01,6,3,3,0,,KCR,"W, 6-4",35,34,6,9,6,1,0,2,6,0,0,1,7,0.265,0.286,0.471,0.756,16,0,0,0,0,0,Keep
115,SFG,2023-09-08,3,0,3,-3,,COL,"W, 9-8",40,35,9,13,7,2,0,4,9,0,0,3,8,0.371,0.45,0.771,1.221,27,1,2,0,0,0,2023-09-08_SFG,454,SFG,2023-09-08,6,4,4,0,,COL,"W, 9-8",40,35,9,13,7,2,0,4,9,0,0,3,8,0.371,0.45,0.771,1.221,27,1,2,0,0,0,Keep
118,HOU,2023-09-04,3,0,3,-3,@,TEX,"W, 13-6",48,41,13,16,9,2,0,5,12,0,1,6,3,0.39,0.479,0.805,1.284,33,1,1,0,0,0,2023-09-04_HOU,461,HOU,2023-09-04,6,5,5,0,@,TEX,"W, 13-6",48,41,13,16,9,2,0,5,12,0,1,6,3,0.39,0.479,0.805,1.284,33,1,1,0,0,0,Keep
122,STL,2023-08-30,3,0,3,-3,,SDP,"W, 5-4",37,35,5,10,5,3,0,2,5,3,0,1,7,0.286,0.324,0.543,0.867,19,1,1,0,0,0,2023-08-30_STL,470,STL,2023-08-30,6,3,3,0,,SDP,"W, 5-4",37,35,5,10,5,3,0,2,5,3,0,1,7,0.286,0.324,0.543,0.867,19,1,1,0,0,0,Keep
123,LAD,2023-08-25,3,0,3,-3,@,BOS,"W, 7-4",42,36,7,10,6,4,0,0,7,1,0,5,11,0.278,0.357,0.389,0.746,14,0,0,0,1,0,2023-08-25_LAD,477,LAD,2023-08-25,6,3,3,0,@,BOS,"W, 7-4",42,36,7,10,6,4,0,0,7,1,0,5,11,0.278,0.357,0.389,0.746,14,0,0,0,1,0,Keep
127,HOU,2023-08-15,3,0,3,-3,@,MIA,"W, 6-5",38,34,6,8,4,1,0,3,5,0,0,3,6,0.235,0.316,0.529,0.845,18,1,1,0,0,0,2023-08-15_HOU,502,HOU,2023-08-15,6,5,5,0,@,MIA,"W, 6-5",38,34,6,8,4,1,0,3,5,0,0,3,6,0.235,0.316,0.529,0.845,18,1,1,0,0,0,Keep
137,MIL,2023-07-22,3,0,3,-3,,ATL,"W, 4-3",34,30,4,8,6,2,0,0,4,0,0,2,8,0.267,0.294,0.333,0.627,10,1,0,0,2,0,2023-07-22_MIL,536,MIL,2023-07-22,6,3,3,0,,ATL,"W, 4-3",34,30,4,8,6,2,0,0,4,0,0,2,8,0.267,0.294,0.333,0.627,10,1,0,0,2,0,Keep
138,CHC,2023-07-18,3,0,3,-3,,WSN,"W, 17-3",47,41,17,20,17,1,0,2,16,1,0,4,9,0.488,0.532,0.659,1.19,27,1,1,0,1,1,2023-07-18_CHC,542,CHC,2023-07-18,6,3,3,0,,WSN,"W, 17-3",47,41,17,20,17,1,0,2,16,1,0,4,9,0.488,0.532,0.659,1.19,27,1,1,0,1,1,Keep
142,CIN,2023-07-08,3,1,4,-3,@,MIL,"W, 8-5",41,38,8,13,8,2,1,2,7,5,0,2,9,0.342,0.366,0.605,0.971,23,1,0,0,1,0,2023-07-08_CIN,560,CIN,2023-07-08,6,5,5,0,@,MIL,"W, 8-5",41,38,8,13,8,2,1,2,7,5,0,2,9,0.342,0.366,0.605,0.971,23,1,0,0,1,0,Keep
176,COL,2023-05-10,3,0,3,-3,@,PIT,"W, 4-3",38,34,4,8,6,2,0,0,4,3,0,4,11,0.235,0.316,0.294,0.61,10,1,0,0,0,0,2023-05-10_COL,667,COL,2023-05-10,6,3,3,0,@,PIT,"W, 4-3",38,34,4,8,6,2,0,0,4,3,0,4,11,0.235,0.316,0.294,0.61,10,1,0,0,0,0,Keep
202,STL,2022-09-10,3,0,3,-3,@,PIT,"W, 7-5",41,37,7,11,4,5,0,2,7,0,1,3,4,0.297,0.366,0.595,0.96,22,0,1,0,0,0,2022-09-10_STL,784,STL,2022-09-10,6,3,3,0,@,PIT,"W, 7-5",41,37,7,11,4,5,0,2,7,0,1,3,4,0.297,0.366,0.595,0.96,22,0,1,0,0,0,Keep
204,HOU,2022-09-07,3,0,3,-3,,TEX,"W, 4-3 (10)",39,30,4,4,3,0,0,1,3,0,1,8,6,0.133,0.316,0.233,0.549,7,0,0,1,0,2,2022-09-07_HOU,791,HOU,2022-09-07,6,3,3,0,,TEX,"W, 4-3 (10)",39,30,4,4,3,0,0,1,3,0,1,8,6,0.133,0.316,0.233,0.549,7,0,0,1,0,2,Keep
229,MIA,2022-06-21,3,0,3,-3,,COL,"W, 9-8",41,38,9,13,8,3,0,2,8,2,0,1,6,0.342,0.375,0.579,0.954,22,0,1,0,0,0,2022-06-21_MIA,897,MIA,2022-06-21,6,8,8,0,,COL,"W, 9-8",41,38,9,13,8,3,0,2,8,2,0,1,6,0.342,0.375,0.579,0.954,22,0,1,0,0,0,Keep
231,CIN,2022-06-12,3,0,3,-3,@,STL,"W, 7-6",35,29,7,11,8,1,1,1,6,0,1,2,3,0.379,0.412,0.586,0.998,17,4,1,1,2,0,2022-06-12_CIN,910,CIN,2022-06-12,6,4,4,0,@,STL,"W, 7-6",35,29,7,11,8,1,1,1,6,0,1,2,3,0.379,0.412,0.586,0.998,17,4,1,1,2,0,Keep
239,CHW,2022-05-19,3,1,4,-3,@,KCR,"W, 7-4",45,39,7,14,13,0,0,1,7,2,1,5,11,0.359,0.444,0.436,0.88,17,1,1,0,0,0,2022-05-19_CHW,950,CHW,2022-05-19,6,4,4,0,@,KCR,"W, 7-4",45,39,7,14,13,0,0,1,7,2,1,5,11,0.359,0.444,0.436,0.88,17,1,1,0,0,0,Keep
244,NYY,2022-05-10,3,0,3,-3,,TOR,"W, 6-5",38,30,6,5,2,1,0,2,6,0,0,7,10,0.167,0.342,0.4,0.742,12,0,1,0,0,0,2022-05-10_NYY,961,NYY,2022-05-10,6,3,3,0,,TOR,"W, 6-5",38,30,6,5,2,1,0,2,6,0,0,7,10,0.167,0.342,0.4,0.742,12,0,1,0,0,0,Keep
249,TOR,2022-04-22,3,0,3,-3,@,HOU,"W, 4-3",34,33,4,7,4,1,0,2,4,1,1,1,7,0.212,0.235,0.424,0.66,14,0,0,0,0,0,2022-04-22_TOR,978,TOR,2022-04-22,6,3,3,0,@,HOU,"W, 4-3",34,33,4,7,4,1,0,2,4,1,1,1,7,0.212,0.235,0.424,0.66,14,0,0,0,0,0,Keep
251,NYM,2022-04-19,3,1,4,-3,,SFG,"W, 5-4 (10)",39,35,5,8,5,3,0,0,4,2,0,3,9,0.229,0.289,0.314,0.604,11,0,0,1,0,0,2022-04-19_NYM,981,NYM,2022-04-19,6,4,4,0,,SFG,"W, 5-4 (10)",39,35,5,8,5,3,0,0,4,2,0,3,9,0.229,0.289,0.314,0.604,11,0,0,1,0,0,Keep
254,BOS,2022-04-12,3,0,3,-3,@,DET,"W, 5-3",38,34,5,9,6,3,0,0,5,0,0,2,6,0.265,0.324,0.353,0.677,12,1,1,1,0,0,2022-04-12_BOS,986,BOS,2022-04-12,6,3,3,0,@,DET,"W, 5-3",38,34,5,9,6,3,0,0,5,0,0,2,6,0.265,0.324,0.353,0.677,12,1,1,1,0,0,Keep
262,DET,2021-09-30,3,1,4,-3,@,MIN,"W, 10-7",41,35,10,9,3,3,0,3,10,1,0,4,8,0.257,0.341,0.6,0.941,21,0,1,0,1,0,2021-09-30_DET,1000,DET,2021-09-30,6,6,6,0,@,MIN,"W, 10-7",41,35,10,9,3,3,0,3,10,1,0,4,8,0.257,0.341,0.6,0.941,21,0,1,0,1,0,Keep
266,SFG,2021-09-21,3,1,4,-3,@,SDP,"W, 6-5",41,36,6,13,8,4,0,1,6,0,0,3,8,0.361,0.39,0.556,0.946,20,2,0,0,2,0,2021-09-21_SFG,1016,SFG,2021-09-21,6,5,5,0,@,SDP,"W, 6-5",41,36,6,13,8,4,0,1,6,0,0,3,8,0.361,0.39,0.556,0.946,20,2,0,0,2,0,Keep
285,HOU,2021-08-19,3,0,3,-3,@,KCR,"W, 6-3 (10)",44,38,6,10,6,4,0,0,6,0,0,4,5,0.263,0.341,0.368,0.709,14,0,1,0,1,1,2021-08-19_HOU,1083,HOU,2021-08-19,6,3,3,0,@,KCR,"W, 6-3 (10)",44,38,6,10,6,4,0,0,6,0,0,4,5,0.263,0.341,0.368,0.709,14,0,1,0,1,1,Keep
287,CLE,2021-08-08,3,2,5,-3,,DET,"W, 7-5",38,35,7,11,6,3,0,2,7,2,1,2,6,0.314,0.342,0.571,0.914,20,0,0,0,1,0,2021-08-08_CLE,1095,CLE,2021-08-08,6,5,5,0,,DET,"W, 7-5",38,35,7,11,6,3,0,2,7,2,1,2,6,0.314,0.342,0.571,0.914,20,0,0,0,1,0,Keep
348,NYM,2020-09-17,3,3,6,-3,@,PHI,"W, 10-6",44,37,10,11,5,1,2,3,10,0,0,7,14,0.297,0.409,0.676,1.085,25,1,0,0,0,0,2020-09-17_NYM,1318,NYM,2020-09-17,6,6,6,0,@,PHI,"W, 10-6",44,37,10,11,5,1,2,3,10,0,0,7,14,0.297,0.409,0.676,1.085,25,1,0,0,0,0,Keep
358,NYM,2020-09-03,3,1,4,-3,,NYY,"W, 9-7 (10)",42,39,9,14,8,3,0,3,9,0,1,3,8,0.359,0.405,0.667,1.071,26,1,0,0,0,0,2020-09-03_NYM,1343,NYM,2020-09-03,6,4,4,0,,NYY,"W, 9-7 (10)",42,39,9,14,8,3,0,3,9,0,1,3,8,0.359,0.405,0.667,1.071,26,1,0,0,0,0,Keep
365,SDP,2020-08-23,3,0,3,-3,,HOU,"W, 5-3",33,30,5,6,4,1,0,1,5,1,0,3,6,0.2,0.273,0.333,0.606,10,0,0,0,0,0,2020-08-23_SDP,1365,SDP,2020-08-23,6,3,3,0,,HOU,"W, 5-3",33,30,5,6,4,1,0,1,5,1,0,3,6,0.2,0.273,0.333,0.606,10,0,0,0,0,0,Keep
372,MIL,2020-08-11,3,1,4,-3,,MIN,"W, 6-4",33,33,6,9,4,1,0,4,6,0,0,0,8,0.273,0.273,0.667,0.939,22,0,0,0,0,0,2020-08-11_MIL,1384,MIL,2020-08-11,6,4,4,0,,MIN,"W, 6-4",33,33,6,9,4,1,0,4,6,0,0,0,8,0.273,0.273,0.667,0.939,22,0,0,0,0,0,Keep
374,TBR,2020-08-10,3,1,4,-3,@,BOS,"W, 8-7",48,40,8,16,10,5,1,0,8,4,1,8,8,0.4,0.5,0.575,1.075,23,1,0,0,0,0,2020-08-10_TBR,1387,TBR,2020-08-10,6,5,5,0,@,BOS,"W, 8-7",48,40,8,16,10,5,1,0,8,4,1,8,8,0.4,0.5,0.575,1.075,23,1,0,0,0,0,Keep
376,DET,2020-07-29,3,1,4,-3,,KCR,"W, 5-4",32,27,5,4,0,2,0,2,5,0,0,2,12,0.148,0.219,0.444,0.663,12,0,1,0,2,0,2020-07-29_DET,1405,DET,2020-07-29,6,4,4,0,,KCR,"W, 5-4",32,27,5,4,0,2,0,2,5,0,0,2,12,0.148,0.219,0.444,0.663,12,0,1,0,2,0,Keep
381,KCR,2019-09-16,3,1,4,-3,@,OAK,"W, 6-5",40,37,6,11,5,3,1,2,6,0,1,2,15,0.297,0.35,0.595,0.945,22,1,1,0,0,0,2019-09-16_KCR,1436,KCR,2019-09-16,6,4,4,0,@,OAK,"W, 6-5",40,37,6,11,5,3,1,2,6,0,1,2,15,0.297,0.35,0.595,0.945,22,1,1,0,0,0,Keep
404,HOU,2019-07-07,3,2,5,-3,,LAA,"W, 11-10 (10)",55,46,11,19,13,4,0,2,11,1,0,8,10,0.413,0.509,0.63,1.14,29,0,1,0,0,0,2019-07-07_HOU,1533,HOU,2019-07-07,6,8,8,0,,LAA,"W, 11-10 (10)",55,46,11,19,13,4,0,2,11,1,0,8,10,0.413,0.509,0.63,1.14,29,0,1,0,0,0,Keep
417,HOU,2019-06-07,3,0,3,-3,,BAL,"W, 4-3 (11)",42,37,4,6,3,1,0,2,4,2,0,4,6,0.162,0.262,0.351,0.613,13,1,1,0,0,0,2019-06-07_HOU,1585,HOU,2019-06-07,6,3,3,0,,BAL,"W, 4-3 (11)",42,37,4,6,3,1,0,2,4,2,0,4,6,0.162,0.262,0.351,0.613,13,1,1,0,0,0,Keep
425,MIN,2019-05-21,3,0,3,-3,@,LAA,"W, 8-3",41,36,8,10,5,3,0,2,8,1,1,4,8,0.278,0.366,0.528,0.894,19,0,1,0,0,0,2019-05-21_MIN,1616,MIN,2019-05-21,6,3,3,0,@,LAA,"W, 8-3",41,36,8,10,5,3,0,2,8,1,1,4,8,0.278,0.366,0.528,0.894,19,0,1,0,0,0,Keep
438,CHW,2019-04-15,3,0,3,-3,,KCR,"W, 5-4",37,32,5,9,6,2,0,1,5,0,1,3,6,0.281,0.378,0.438,0.816,14,0,2,0,0,0,2019-04-15_CHW,1663,CHW,2019-04-15,6,3,3,0,,KCR,"W, 5-4",37,32,5,9,6,2,0,1,5,0,1,3,6,0.281,0.378,0.438,0.816,14,0,2,0,0,0,Keep
455,CLE,2018-08-20,3,0,3,-3,@,BOS,"W, 5-4",35,34,5,7,4,0,0,3,5,0,0,1,8,0.206,0.229,0.471,0.699,16,0,0,0,0,0,2018-08-20_CLE,1757,CLE,2018-08-20,6,3,3,0,@,BOS,"W, 5-4",35,34,5,7,4,0,0,3,5,0,0,1,8,0.206,0.229,0.471,0.699,16,0,0,0,0,0,Keep
462,SDP,2018-08-07,3,2,5,-3,@,MIL,"W, 11-5",48,39,11,14,9,1,1,3,10,0,0,6,9,0.359,0.435,0.667,1.101,26,0,0,2,1,0,2018-08-07_SDP,1777,SDP,2018-08-07,6,5,5,0,@,MIL,"W, 11-5",48,39,11,14,9,1,1,3,10,0,0,6,9,0.359,0.435,0.667,1.101,26,0,0,2,1,0,Keep
465,WSN,2018-07-26,3,0,3,-3,@,MIA,"W, 10-3",47,37,10,13,4,5,2,2,10,0,0,9,6,0.351,0.489,0.757,1.246,28,1,1,0,0,3,2018-07-26_WSN,1791,WSN,2018-07-26,6,3,3,0,@,MIA,"W, 10-3",47,37,10,13,4,5,2,2,10,0,0,9,6,0.351,0.489,0.757,1.246,28,1,1,0,0,3,Keep
471,BOS,2018-07-07,3,0,3,-3,@,KCR,"W, 15-4",54,40,15,16,10,5,0,1,15,3,0,13,8,0.4,0.537,0.6,1.137,24,1,0,0,1,1,2018-07-07_BOS,1818,BOS,2018-07-07,6,4,4,0,@,KCR,"W, 15-4",54,40,15,16,10,5,0,1,15,3,0,13,8,0.4,0.537,0.6,1.137,24,1,0,0,1,1,Keep
478,TOR,2018-06-30,3,0,3,-3,,DET,"W, 4-3",32,29,4,7,4,1,0,2,4,1,0,3,8,0.241,0.313,0.483,0.795,14,1,0,0,0,0,2018-06-30_TOR,1832,TOR,2018-06-30,6,3,3,0,,DET,"W, 4-3",32,29,4,7,4,1,0,2,4,1,0,3,8,0.241,0.313,0.483,0.795,14,1,0,0,0,0,Keep
480,OAK,2018-06-23,3,2,5,-3,@,CHW,"W, 7-6",40,33,7,9,5,2,0,2,7,2,0,6,5,0.273,0.375,0.515,0.89,17,1,0,0,1,0,2018-06-23_OAK,1847,OAK,2018-06-23,6,6,6,0,@,CHW,"W, 7-6",40,33,7,9,5,2,0,2,7,2,0,6,5,0.273,0.375,0.515,0.89,17,1,0,0,1,0,Keep
503,CIN,2018-04-07,3,1,4,-3,@,PIT,"W, 7-4",43,34,7,11,8,2,0,1,7,1,0,5,10,0.324,0.415,0.471,0.885,16,1,1,2,1,0,2018-04-07_CIN,1966,CIN,2018-04-07,6,4,4,0,@,PIT,"W, 7-4",43,34,7,11,8,2,0,1,7,1,0,5,10,0.324,0.415,0.471,0.885,16,1,1,2,1,0,Keep
513,LAA,2017-09-24,3,1,4,-3,@,HOU,"W, 7-5",44,39,7,11,5,4,0,2,7,1,0,5,8,0.282,0.364,0.538,0.902,21,0,0,0,0,0,2017-09-24_LAA,1996,LAA,2017-09-24,6,4,4,0,@,HOU,"W, 7-5",44,39,7,11,5,4,0,2,7,1,0,5,8,0.282,0.364,0.538,0.902,21,0,0,0,0,0,Keep
514,WSN,2017-09-23,3,0,3,-3,@,NYM,"W, 4-3 (10)",44,38,4,10,5,2,0,3,4,0,0,6,8,0.263,0.364,0.553,0.916,21,2,0,0,0,0,2017-09-23_WSN,1999,WSN,2017-09-23,6,3,3,0,@,NYM,"W, 4-3 (10)",44,38,4,10,5,2,0,3,4,0,0,6,8,0.263,0.364,0.553,0.916,21,2,0,0,0,0,Keep
527,MIA,2017-08-24,3,3,6,-3,@,PHI,"W, 9-8",46,35,9,12,6,2,0,4,9,0,0,6,7,0.343,0.467,0.743,1.21,26,1,3,1,1,0,2017-08-24_MIA,2039,MIA,2017-08-24,6,8,8,0,@,PHI,"W, 9-8",46,35,9,12,6,2,0,4,9,0,0,6,7,0.343,0.467,0.743,1.21,26,1,3,1,1,0,Keep
532,LAD,2017-08-05,3,0,3,-3,@,NYM,"W, 7-4",40,36,7,8,2,1,0,5,7,0,0,4,8,0.222,0.3,0.667,0.967,24,0,0,0,0,1,2017-08-05_LAD,2077,LAD,2017-08-05,6,3,3,0,@,NYM,"W, 7-4",40,36,7,8,2,1,0,5,7,0,0,4,8,0.222,0.3,0.667,0.967,24,0,0,0,0,1,Keep
538,MIA,2017-07-28,3,0,3,-3,,CIN,"W, 7-4",43,33,7,10,3,5,0,2,6,0,0,8,10,0.303,0.429,0.636,1.065,21,0,0,1,1,0,2017-07-28_MIA,2097,MIA,2017-07-28,6,3,3,0,,CIN,"W, 7-4",43,33,7,10,3,5,0,2,6,0,0,8,10,0.303,0.429,0.636,1.065,21,0,0,1,1,0,Keep
550,BOS,2017-06-30,3,0,3,-3,@,TOR,"W, 7-4 (11)",57,43,7,13,7,6,0,0,7,2,1,14,8,0.302,0.474,0.442,0.916,19,2,0,0,0,3,2017-06-30_BOS,2138,BOS,2017-06-30,6,4,4,0,@,TOR,"W, 7-4 (11)",57,43,7,13,7,6,0,0,7,2,1,14,8,0.302,0.474,0.442,0.916,19,2,0,0,0,3,Keep
552,DET,2017-06-25,3,0,3,-3,@,SDP,"W, 7-5",41,38,7,14,8,4,1,1,7,0,0,3,7,0.368,0.415,0.605,1.02,23,2,0,0,0,0,2017-06-25_DET,2144,DET,2017-06-25,6,5,5,0,@,SDP,"W, 7-5",41,38,7,14,8,4,1,1,7,0,0,3,7,0.368,0.415,0.605,1.02,23,2,0,0,0,0,Keep
555,MIL,2017-06-16,3,1,4,-3,,SDP,"W, 6-5 (10)",38,35,6,10,4,1,1,4,6,0,0,2,10,0.286,0.324,0.714,1.039,25,1,0,1,0,1,2017-06-16_MIL,2164,MIL,2017-06-16,6,4,4,0,,SDP,"W, 6-5 (10)",38,35,6,10,4,1,1,4,6,0,0,2,10,0.286,0.324,0.714,1.039,25,1,0,1,0,1,Keep
588,STL,2016-10-01,3,0,3,-3,,PIT,"W, 4-3",35,32,4,11,8,2,0,1,3,0,0,2,7,0.344,0.371,0.5,0.871,16,1,0,0,1,0,2016-10-01_STL,2289,STL,2016-10-01,6,3,3,0,,PIT,"W, 4-3",35,32,4,11,8,2,0,1,3,0,0,2,7,0.344,0.371,0.5,0.871,16,1,0,0,1,0,Keep
596,SFG,2016-09-09,3,1,4,-3,@,ARI,"W, 7-6 (12)",55,45,7,12,8,3,0,1,6,0,0,9,10,0.267,0.382,0.4,0.782,18,1,0,0,1,1,2016-09-09_SFG,2322,SFG,2016-09-09,6,4,4,0,@,ARI,"W, 7-6 (12)",55,45,7,12,8,3,0,1,6,0,0,9,10,0.267,0.382,0.4,0.782,18,1,0,0,1,1,Keep
611,OAK,2016-08-04,3,2,5,-3,@,LAA,"W, 8-6 (10)",43,41,8,11,5,3,0,3,7,0,0,2,10,0.268,0.302,0.561,0.863,23,0,0,0,0,0,2016-08-04_OAK,2383,OAK,2016-08-04,6,5,5,0,@,LAA,"W, 8-6 (10)",43,41,8,11,5,3,0,3,7,0,0,2,10,0.268,0.302,0.561,0.863,23,0,0,0,0,0,Keep
629,TEX,2016-06-15,3,0,3,-3,@,OAK,"W, 7-5",38,34,7,10,4,2,0,4,7,1,0,3,6,0.294,0.342,0.706,1.048,24,1,0,0,1,0,2016-06-15_TEX,2455,TEX,2016-06-15,6,5,5,0,@,OAK,"W, 7-5",38,34,7,10,4,2,0,4,7,1,0,3,6,0.294,0.342,0.706,1.048,24,1,0,0,1,0,Keep
633,TBR,2016-06-05,3,1,4,-3,@,MIN,"W, 7-5",40,33,7,10,5,1,0,4,7,0,1,5,10,0.303,0.385,0.697,1.082,23,1,0,1,1,0,2016-06-05_TBR,2470,TBR,2016-06-05,6,4,4,0,@,MIN,"W, 7-5",40,33,7,10,5,1,0,4,7,0,1,5,10,0.303,0.385,0.697,1.082,23,1,0,1,1,0,Keep
660,BOS,2015-09-20,3,0,3,-3,@,TOR,"W, 4-3",40,37,4,10,9,1,0,0,3,1,0,2,5,0.27,0.3,0.297,0.597,11,1,0,0,1,0,2015-09-20_BOS,2589,BOS,2015-09-20,6,3,3,0,@,TOR,"W, 4-3",40,37,4,10,9,1,0,0,3,1,0,2,5,0.27,0.3,0.297,0.597,11,1,0,0,1,0,Keep
674,BAL,2015-08-15,3,0,3,-3,,OAK,"W, 4-3",31,29,4,6,3,0,0,3,4,0,0,1,6,0.207,0.258,0.517,0.775,15,2,1,0,0,0,2015-08-15_BAL,2645,BAL,2015-08-15,6,3,3,0,,OAK,"W, 4-3",31,29,4,6,3,0,0,3,4,0,0,1,6,0.207,0.258,0.517,0.775,15,2,1,0,0,0,Keep
689,STL,2015-06-23,3,0,3,-3,@,MIA,"W, 4-3",39,34,4,9,7,1,0,1,4,0,0,3,7,0.265,0.359,0.382,0.741,13,2,2,0,0,0,2015-06-23_STL,2722,STL,2015-06-23,6,3,3,0,@,MIA,"W, 4-3",39,34,4,9,7,1,0,1,4,0,0,3,7,0.265,0.359,0.382,0.741,13,2,2,0,0,0,Keep
695,MIN,2015-06-04,3,0,3,-3,@,BOS,"W, 8-4",45,40,8,11,9,1,0,1,7,1,0,4,7,0.275,0.333,0.375,0.708,15,0,0,0,1,2,2015-06-04_MIN,2743,MIN,2015-06-04,6,4,4,0,@,BOS,"W, 8-4",45,40,8,11,9,1,0,1,7,1,0,4,7,0.275,0.333,0.375,0.708,15,0,0,0,1,2,Keep
698,TOR,2015-05-29,3,1,4,-3,@,MIN,"W, 6-4",38,36,6,11,6,3,0,2,6,0,0,2,8,0.306,0.342,0.556,0.898,20,1,0,0,0,0,2015-05-29_TOR,2757,TOR,2015-05-29,6,4,4,0,@,MIN,"W, 6-4",38,36,6,11,6,3,0,2,6,0,0,2,8,0.306,0.342,0.556,0.898,20,1,0,0,0,0,Keep
722,WSN,2014-07-22,3,0,3,-3,@,COL,"W, 7-4",41,36,7,11,7,3,0,1,7,0,0,3,2,0.306,0.366,0.472,0.838,17,0,1,0,1,0,2014-07-22_WSN,2918,WSN,2014-07-22,6,4,4,0,@,COL,"W, 7-4",41,36,7,11,7,3,0,1,7,0,0,3,2,0.306,0.366,0.472,0.838,17,0,1,0,1,0,Keep
725,NYY,2014-07-09,3,0,3,-3,@,CLE,"W, 5-4 (14)",56,52,5,12,8,1,0,3,5,0,0,3,13,0.231,0.268,0.423,0.691,22,1,0,0,1,0,2014-07-09_NYY,2937,NYY,2014-07-09,6,4,4,0,@,CLE,"W, 5-4 (14)",56,52,5,12,8,1,0,3,5,0,0,3,13,0.231,0.268,0.423,0.691,22,1,0,0,1,0,Keep
729,WSN,2014-07-02,3,0,3,-3,,COL,"W, 4-3",30,29,4,7,4,1,0,2,4,1,0,1,8,0.241,0.267,0.483,0.749,14,2,0,0,0,0,2014-07-02_WSN,2946,WSN,2014-07-02,6,3,3,0,,COL,"W, 4-3",30,29,4,7,4,1,0,2,4,1,0,1,8,0.241,0.267,0.483,0.749,14,2,0,0,0,0,Keep
732,KCR,2014-06-29,3,0,3,-3,,LAA,"W, 5-4",42,35,5,11,7,4,0,0,5,0,1,5,9,0.314,0.429,0.429,0.857,15,0,2,0,0,1,2014-06-29_KCR,2948,KCR,2014-06-29,6,4,4,0,,LAA,"W, 5-4",42,35,5,11,7,4,0,0,5,0,1,5,9,0.314,0.429,0.429,0.857,15,0,2,0,0,1,Keep
736,CHC,2014-06-16,3,0,3,-3,@,MIA,"W, 5-4 (13)",53,48,5,11,9,1,0,1,5,0,1,4,14,0.229,0.288,0.313,0.601,15,0,0,1,0,0,2014-06-16_CHC,2962,CHC,2014-06-16,6,4,4,0,@,MIA,"W, 5-4 (13)",53,48,5,11,9,1,0,1,5,0,1,4,14,0.229,0.288,0.313,0.601,15,0,0,1,0,0,Keep
742,SEA,2014-06-03,3,2,5,-3,@,ATL,"W, 7-5",42,38,7,13,10,1,0,2,7,0,0,2,8,0.342,0.375,0.526,0.901,20,0,0,2,0,0,2014-06-03_SEA,2978,SEA,2014-06-03,6,5,5,0,@,ATL,"W, 7-5",42,38,7,13,10,1,0,2,7,0,0,2,8,0.342,0.375,0.526,0.901,20,0,0,2,0,0,Keep
751,DET,2014-04-29,3,0,3,-3,@,CHW,"W, 4-3",36,36,4,9,9,0,0,0,4,1,0,0,14,0.25,0.25,0.25,0.5,9,1,0,0,0,0,2014-04-29_DET,3031,DET,2014-04-29,6,3,3,0,@,CHW,"W, 4-3",36,36,4,9,9,0,0,0,4,1,0,0,14,0.25,0.25,0.25,0.5,9,1,0,0,0,0,Keep
752,MIL,2014-04-29,3,0,3,-3,@,STL,"W, 5-4 (11)",44,41,5,9,6,2,0,1,5,0,0,2,12,0.22,0.256,0.341,0.597,14,0,0,1,0,0,2014-04-29_MIL,3033,MIL,2014-04-29,6,3,3,0,@,STL,"W, 5-4 (11)",44,41,5,9,6,2,0,1,5,0,0,2,12,0.22,0.256,0.341,0.597,14,0,0,1,0,0,Keep
789,TBR,2013-07-19,3,1,4,-3,@,TOR,"W, 8-5",44,41,8,14,5,5,0,4,7,0,0,2,7,0.341,0.372,0.756,1.128,31,0,0,1,0,1,2013-07-19_TBR,3201,TBR,2013-07-19,6,4,4,0,@,TOR,"W, 8-5",44,41,8,14,5,5,0,4,7,0,0,2,7,0.341,0.372,0.756,1.128,31,0,0,1,0,1,Keep
791,ARI,2013-07-11,3,0,3,-3,,MIL,"W, 5-3",35,26,5,5,3,1,1,0,5,1,0,6,6,0.192,0.333,0.308,0.641,8,0,0,2,1,1,2013-07-11_ARI,3204,ARI,2013-07-11,6,3,3,0,,MIL,"W, 5-3",35,26,5,5,3,1,1,0,5,1,0,6,6,0.192,0.333,0.308,0.641,8,0,0,2,1,1,Keep
793,KCR,2013-07-04,3,0,3,-3,,CLE,"W, 10-7",40,31,10,6,2,1,0,3,10,0,0,8,5,0.194,0.375,0.516,0.891,16,0,1,0,0,1,2013-07-04_KCR,3217,KCR,2013-07-04,6,5,5,0,,CLE,"W, 10-7",40,31,10,6,2,1,0,3,10,0,0,8,5,0.194,0.375,0.516,0.891,16,0,1,0,0,1,Keep
796,BAL,2013-06-28,3,0,3,-3,,NYY,"W, 4-3",30,30,4,5,3,1,0,1,4,0,0,0,7,0.167,0.167,0.3,0.467,9,0,0,0,0,0,2013-06-28_BAL,3228,BAL,2013-06-28,6,3,3,0,,NYY,"W, 4-3",30,30,4,5,3,1,0,1,4,0,0,0,7,0.167,0.167,0.3,0.467,9,0,0,0,0,0,Keep
798,KCR,2013-06-23,3,1,4,-3,,CHW,"W, 7-6",39,36,7,12,8,2,0,2,5,2,0,2,6,0.333,0.368,0.556,0.924,20,0,0,1,0,0,2013-06-23_KCR,3236,KCR,2013-06-23,6,4,4,0,,CHW,"W, 7-6",39,36,7,12,8,2,0,2,5,2,0,2,6,0.333,0.368,0.556,0.924,20,0,0,1,0,0,Keep
812,HOU,2013-05-15,3,1,4,-3,@,DET,"W, 7-5",36,30,7,8,3,3,0,2,7,0,3,4,10,0.267,0.343,0.567,0.91,17,0,0,1,1,0,2013-05-15_HOU,3303,HOU,2013-05-15,6,5,5,0,@,DET,"W, 7-5",36,30,7,8,3,3,0,2,7,0,3,4,10,0.267,0.343,0.567,0.91,17,0,0,1,1,0,Keep
815,MIA,2013-05-10,3,0,3,-3,@,LAD,"W, 5-4",36,30,5,6,4,1,0,1,4,0,1,5,3,0.2,0.333,0.333,0.667,10,2,1,0,0,0,2013-05-10_MIA,3311,MIA,2013-05-10,6,3,3,0,@,LAD,"W, 5-4",36,30,5,6,4,1,0,1,4,0,1,5,3,0.2,0.333,0.333,0.667,10,2,1,0,0,0,Keep
829,SFG,2013-04-09,3,2,5,-3,,COL,"W, 9-6",43,35,9,14,12,1,0,1,9,0,0,6,5,0.4,0.488,0.514,1.002,18,1,0,2,0,1,2013-04-09_SFG,3367,SFG,2013-04-09,6,6,6,0,,COL,"W, 9-6",43,35,9,14,12,1,0,1,9,0,0,6,5,0.4,0.488,0.514,1.002,18,1,0,2,0,1,Keep
831,ARI,2013-04-03,3,1,4,-3,,STL,"W, 10-9 (16)",71,59,10,17,12,1,1,3,9,1,0,7,13,0.288,0.362,0.492,0.854,29,0,1,2,2,1,2013-04-03_ARI,3375,ARI,2013-04-03,6,7,7,0,,STL,"W, 10-9 (16)",71,59,10,17,12,1,1,3,9,1,0,7,13,0.288,0.362,0.492,0.854,29,0,1,2,2,1,Keep
832,TBR,2013-04-03,3,0,3,-3,,BAL,"W, 8-7",35,35,8,14,9,3,0,2,7,0,0,0,6,0.4,0.4,0.657,1.057,23,3,0,0,0,0,2013-04-03_TBR,3376,TBR,2013-04-03,6,4,4,0,,BAL,"W, 8-7",35,35,8,14,9,3,0,2,7,0,0,0,6,0.4,0.4,0.657,1.057,23,3,0,0,0,0,Keep
836,KCR,2012-09-20,3,0,3,-3,,CHW,"W, 4-3",35,33,4,7,5,1,1,0,4,1,0,2,7,0.212,0.257,0.303,0.56,10,0,0,0,0,1,2012-09-20_KCR,3397,KCR,2012-09-20,6,3,3,0,,CHW,"W, 4-3",35,33,4,7,5,1,1,0,4,1,0,2,7,0.212,0.257,0.303,0.56,10,0,0,0,0,1,Keep
841,ATL,2012-09-15,3,1,4,-3,,WSN,"W, 5-4",37,30,5,6,2,1,1,2,5,0,0,5,9,0.2,0.333,0.5,0.833,15,0,1,1,0,0,2012-09-15_ATL,3401,ATL,2012-09-15,6,4,4,0,,WSN,"W, 5-4",37,30,5,6,2,1,1,2,5,0,0,5,9,0.2,0.333,0.5,0.833,15,0,1,1,0,0,Keep
849,TEX,2012-09-06,3,0,3,-3,@,KCR,"W, 5-4 (10)",43,37,5,9,5,1,1,2,5,0,0,5,9,0.243,0.349,0.486,0.835,18,1,1,0,0,2,2012-09-06_TEX,3414,TEX,2012-09-06,6,3,3,0,@,KCR,"W, 5-4 (10)",43,37,5,9,5,1,1,2,5,0,0,5,9,0.243,0.349,0.486,0.835,18,1,1,0,0,2,Keep
858,MIA,2012-08-21,3,2,5,-3,@,ARI,"W, 6-5 (10)",51,44,6,15,13,2,0,0,6,0,0,5,11,0.341,0.42,0.386,0.806,17,0,1,1,0,1,2012-08-21_MIA,3444,MIA,2012-08-21,6,5,5,0,@,ARI,"W, 6-5 (10)",51,44,6,15,13,2,0,0,6,0,0,5,11,0.341,0.42,0.386,0.806,17,0,1,1,0,1,Keep
859,CHW,2012-08-20,3,0,3,-3,,NYY,"W, 9-6",42,36,9,13,8,1,0,4,9,2,0,5,12,0.361,0.452,0.722,1.175,26,0,1,0,0,0,2012-08-20_CHW,3446,CHW,2012-08-20,6,6,6,0,,NYY,"W, 9-6",42,36,9,13,8,1,0,4,9,2,0,5,12,0.361,0.452,0.722,1.175,26,0,1,0,0,0,Keep
860,SFG,2012-08-18,3,1,4,-3,@,SDP,"W, 8-7",44,39,8,14,8,4,1,1,8,0,0,2,4,0.359,0.364,0.59,0.953,23,0,0,0,3,1,2012-08-18_SFG,3449,SFG,2012-08-18,6,5,5,0,@,SDP,"W, 8-7",44,39,8,14,8,4,1,1,8,0,0,2,4,0.359,0.364,0.59,0.953,23,0,0,0,3,1,Keep
880,MIL,2012-07-02,3,2,5,-3,,MIA,"W, 6-5",38,30,6,8,5,1,1,1,6,0,0,4,5,0.267,0.378,0.467,0.845,14,1,2,1,1,0,2012-07-02_MIL,3521,MIL,2012-07-02,6,5,5,0,,MIA,"W, 6-5",38,30,6,8,5,1,1,1,6,0,0,4,5,0.267,0.378,0.467,0.845,14,1,2,1,1,0,Keep
906,ATL,2012-05-04,3,2,5,-3,@,COL,"W, 9-8 (11)",55,49,9,19,11,5,0,3,9,3,1,6,11,0.388,0.455,0.673,1.128,33,1,0,0,0,2,2012-05-04_ATL,3588,ATL,2012-05-04,6,7,7,0,@,COL,"W, 9-8 (11)",55,49,9,19,11,5,0,3,9,3,1,6,11,0.388,0.455,0.673,1.128,33,1,0,0,0,2,Keep
921,LAD,2011-09-06,3,0,3,-3,@,WSN,"W, 7-3",41,38,7,13,9,4,0,0,7,2,0,3,6,0.342,0.39,0.447,0.838,17,1,0,0,0,1,2011-09-06_LAD,3686,LAD,2011-09-06,6,3,3,0,@,WSN,"W, 7-3",41,38,7,13,9,4,0,0,7,2,0,3,6,0.342,0.39,0.447,0.838,17,1,0,0,0,1,Keep
942,TEX,2011-07-09,3,1,4,-3,,OAK,"W, 7-6",39,38,7,12,6,4,0,2,7,0,0,0,5,0.316,0.308,0.579,0.887,22,0,0,0,1,0,2011-07-09_TEX,3779,TEX,2011-07-09,6,5,5,0,,OAK,"W, 7-6",39,38,7,12,6,4,0,2,7,0,0,0,5,0.316,0.308,0.579,0.887,22,0,0,0,1,0,Keep
943,ARI,2011-07-08,3,0,3,-3,@,STL,"W, 7-6",39,36,7,9,6,1,1,1,7,0,0,3,5,0.25,0.308,0.417,0.724,15,0,0,0,0,0,2011-07-08_ARI,3781,ARI,2011-07-08,6,3,3,0,@,STL,"W, 7-6",39,36,7,9,6,1,1,1,7,0,0,3,5,0.25,0.308,0.417,0.724,15,0,0,0,0,0,Keep
952,NYY,2011-06-19,3,1,4,-3,@,CHC,"W, 10-4",43,38,10,13,7,3,1,2,10,0,1,4,5,0.342,0.395,0.632,1.027,24,1,0,0,1,1,2011-06-19_NYY,3815,NYY,2011-06-19,6,4,4,0,@,CHC,"W, 10-4",43,38,10,13,7,3,1,2,10,0,1,4,5,0.342,0.395,0.632,1.027,24,1,0,0,1,1,Keep
960,CHW,2011-06-01,3,0,3,-3,@,BOS,"W, 7-4",42,39,7,12,7,3,0,2,7,1,0,2,8,0.308,0.357,0.538,0.896,21,0,1,0,0,0,2011-06-01_CHW,3841,CHW,2011-06-01,6,4,4,0,@,BOS,"W, 7-4",42,39,7,12,7,3,0,2,7,1,0,2,8,0.308,0.357,0.538,0.896,21,0,1,0,0,0,Keep
967,CIN,2011-05-17,3,0,3,-3,,CHC,"W, 7-5",40,34,7,9,7,2,0,0,2,1,1,5,4,0.265,0.35,0.324,0.674,11,0,0,0,1,1,2011-05-17_CIN,3874,CIN,2011-05-17,6,3,3,0,,CHC,"W, 7-5",40,34,7,9,7,2,0,0,2,1,1,5,4,0.265,0.35,0.324,0.674,11,0,0,0,1,1,Keep
977,TOR,2011-04-15,3,0,3,-3,@,BOS,"W, 7-6",40,33,7,8,6,1,1,0,6,4,0,7,6,0.242,0.375,0.333,0.708,11,1,0,0,0,0,2011-04-15_TOR,3922,TOR,2011-04-15,6,3,3,0,@,BOS,"W, 7-6",40,33,7,8,6,1,1,0,6,4,0,7,6,0.242,0.375,0.333,0.708,11,1,0,0,0,0,Keep
980,PIT,2011-04-08,3,0,3,-3,,COL,"W, 4-3 (14)",55,46,4,8,6,1,0,1,4,1,2,8,9,0.174,0.296,0.261,0.557,12,1,0,1,0,0,2011-04-08_PIT,3934,PIT,2011-04-08,6,3,3,0,,COL,"W, 4-3 (14)",55,46,4,8,6,1,0,1,4,1,2,8,9,0.174,0.296,0.261,0.557,12,1,0,1,0,0,Keep
984,TOR,2011-04-05,3,0,3,-3,,OAK,"W, 7-6 (10)",38,36,7,10,7,2,0,1,7,1,0,1,4,0.278,0.289,0.417,0.706,15,1,0,0,1,0,2011-04-05_TOR,3942,TOR,2011-04-05,6,5,5,0,,OAK,"W, 7-6 (10)",38,36,7,10,7,2,0,1,7,1,0,1,4,0.278,0.289,0.417,0.706,15,1,0,0,1,0,Keep
1008,MIL,2010-07-23,3,1,4,-3,,WSN,"W, 7-5",36,31,7,9,4,2,2,1,7,1,0,3,6,0.29,0.343,0.581,0.924,18,0,0,1,1,0,2010-07-23_MIL,4039,MIL,2010-07-23,6,5,5,0,,WSN,"W, 7-5",36,31,7,9,4,2,2,1,7,1,0,3,6,0.29,0.343,0.581,0.924,18,0,0,1,1,0,Keep
1015,TBR,2010-07-05,3,1,4,-3,,BOS,"W, 6-5",39,32,6,10,7,3,0,0,5,1,0,5,6,0.313,0.385,0.406,0.791,13,0,0,0,2,0,2010-07-05_TBR,4069,TBR,2010-07-05,6,5,5,0,,BOS,"W, 6-5",39,32,6,10,7,3,0,0,5,1,0,5,6,0.313,0.385,0.406,0.791,13,0,0,0,2,0,Keep
1017,HOU,2010-06-28,3,2,5,-3,@,MIL,"W, 9-5",47,41,9,14,10,3,0,1,8,1,1,6,9,0.341,0.426,0.488,0.913,20,1,0,0,0,0,2010-06-28_HOU,4077,HOU,2010-06-28,6,5,5,0,@,MIL,"W, 9-5",47,41,9,14,10,3,0,1,8,1,1,6,9,0.341,0.426,0.488,0.913,20,1,0,0,0,0,Keep
1041,STL,2010-04-18,3,0,3,-3,,NYM,"W, 5-3",39,33,5,10,5,3,0,2,5,0,0,5,5,0.303,0.41,0.576,0.986,19,0,1,0,0,0,2010-04-18_STL,4180,STL,2010-04-18,6,3,3,0,,NYM,"W, 5-3",39,33,5,10,5,3,0,2,5,0,0,5,5,0.303,0.41,0.576,0.986,19,0,1,0,0,0,Keep
1043,ARI,2010-04-14,3,0,3,-3,@,LAD,"W, 9-7 (11)",54,42,9,14,7,5,0,2,9,0,0,9,9,0.333,0.426,0.595,1.021,25,1,0,0,3,2,2010-04-14_ARI,4187,ARI,2010-04-14,6,6,6,0,@,LAD,"W, 9-7 (11)",54,42,9,14,7,5,0,2,9,0,0,9,9,0.333,0.426,0.595,1.021,25,1,0,0,3,2,Keep
1046,CHC,2010-04-10,3,0,3,-3,@,CIN,"W, 4-3",31,30,4,5,2,0,0,3,4,0,1,1,8,0.167,0.194,0.467,0.66,14,0,0,0,0,0,2010-04-10_CHC,4198,CHC,2010-04-10,6,3,3,0,@,CIN,"W, 4-3",31,30,4,5,2,0,0,3,4,0,1,1,8,0.167,0.194,0.467,0.66,14,0,0,0,0,0,Keep
1047,CLE,2010-04-07,3,0,3,-3,@,CHW,"W, 5-3",44,36,5,10,8,2,0,0,5,3,1,6,8,0.278,0.409,0.333,0.742,12,0,2,0,0,1,2010-04-07_CLE,4209,CLE,2010-04-07,6,3,3,0,@,CHW,"W, 5-3",44,36,5,10,8,2,0,0,5,3,1,6,8,0.278,0.409,0.333,0.742,12,0,2,0,0,1,Keep
1051,WSN,2009-09-29,3,0,3,-3,,NYM,"W, 4-3",36,33,4,8,6,1,0,1,3,1,0,3,3,0.242,0.306,0.364,0.669,12,0,0,0,0,0,2009-09-29_WSN,4224,WSN,2009-09-29,6,3,3,0,,NYM,"W, 4-3",36,33,4,8,6,1,0,1,3,1,0,3,3,0.242,0.306,0.364,0.669,12,0,0,0,0,0,Keep
1054,ARI,2009-09-18,3,1,4,-3,,COL,"W, 7-5",37,29,7,9,4,3,0,2,7,0,1,6,11,0.31,0.417,0.621,1.037,18,1,0,1,1,0,2009-09-18_ARI,4247,ARI,2009-09-18,6,4,4,0,,COL,"W, 7-5",37,29,7,9,4,3,0,2,7,0,1,6,11,0.31,0.417,0.621,1.037,18,1,0,1,1,0,Keep
1061,STL,2009-09-01,3,0,3,-3,,MIL,"W, 7-6",35,33,7,10,6,2,0,2,6,0,0,2,1,0.303,0.343,0.545,0.888,18,1,0,0,0,2,2009-09-01_STL,4276,STL,2009-09-01,6,4,4,0,,MIL,"W, 7-6",35,33,7,10,6,2,0,2,6,0,0,2,1,0.303,0.343,0.545,0.888,18,1,0,0,0,2,Keep
1063,BOS,2009-08-28,3,0,3,-3,,TOR,"W, 6-5",38,33,6,10,7,2,0,1,6,0,0,4,9,0.303,0.368,0.455,0.823,15,0,0,0,1,1,2009-08-28_BOS,4283,BOS,2009-08-28,6,5,5,0,,TOR,"W, 6-5",38,33,6,10,7,2,0,1,6,0,0,4,9,0.303,0.368,0.455,0.823,15,0,0,0,1,1,Keep
1068,MIN,2009-08-21,3,0,3,-3,@,KCR,"W, 5-4 (10)",40,37,5,9,6,1,2,0,4,1,0,2,6,0.243,0.282,0.378,0.66,14,1,0,1,0,2,2009-08-21_MIN,4294,MIN,2009-08-21,6,3,3,0,@,KCR,"W, 5-4 (10)",40,37,5,9,6,1,2,0,4,1,0,2,6,0.243,0.282,0.378,0.66,14,1,0,1,0,2,Keep
1074,SFG,2009-08-18,3,1,4,-3,@,CIN,"W, 8-5 (10)",46,39,8,12,8,3,0,1,8,0,1,6,9,0.308,0.391,0.462,0.853,18,1,0,0,1,0,2009-08-18_SFG,4298,SFG,2009-08-18,6,5,5,0,@,CIN,"W, 8-5 (10)",46,39,8,12,8,3,0,1,8,0,1,6,9,0.308,0.391,0.462,0.853,18,1,0,0,1,0,Keep
1093,CIN,2009-07-07,3,0,3,-3,@,PHI,"W, 4-3",34,31,4,8,5,1,0,2,4,0,1,1,9,0.258,0.281,0.484,0.765,15,1,0,2,0,1,2009-07-07_CIN,4369,CIN,2009-07-07,6,3,3,0,@,PHI,"W, 4-3",34,31,4,8,5,1,0,2,4,0,1,1,9,0.258,0.281,0.484,0.765,15,1,0,2,0,1,Keep
1094,COL,2009-07-07,3,1,4,-3,,WSN,"W, 5-4",38,29,5,8,7,1,0,0,4,2,1,6,7,0.276,0.378,0.31,0.689,9,0,0,1,2,0,2009-07-07_COL,4370,COL,2009-07-07,6,4,4,0,,WSN,"W, 5-4",38,29,5,8,7,1,0,0,4,2,1,6,7,0.276,0.378,0.31,0.689,9,0,0,1,2,0,Keep
1103,MIL,2009-06-27,3,0,3,-3,,SFG,"W, 7-6",40,34,7,11,6,3,0,2,7,0,0,5,7,0.324,0.41,0.588,0.998,20,2,0,1,0,1,2009-06-27_MIL,4388,MIL,2009-06-27,6,4,4,0,,SFG,"W, 7-6",40,34,7,11,6,3,0,2,7,0,0,5,7,0.324,0.41,0.588,0.998,20,2,0,1,0,1,Keep
1106,PHI,2009-06-14,3,1,4,-3,,BOS,"W, 11-6",43,37,11,14,10,3,0,1,10,2,0,4,9,0.378,0.452,0.541,0.993,20,0,1,1,0,1,2009-06-14_PHI,4411,PHI,2009-06-14,6,5,5,0,,BOS,"W, 11-6",43,37,11,14,10,3,0,1,10,2,0,4,9,0.378,0.452,0.541,0.993,20,0,1,1,0,1,Keep
1110,CHW,2009-05-31,3,1,4,-3,@,KCR,"W, 7-4",38,36,7,11,8,2,1,0,7,0,0,2,9,0.306,0.342,0.417,0.759,15,1,0,0,0,0,2009-05-31_CHW,4435,CHW,2009-05-31,6,4,4,0,@,KCR,"W, 7-4",38,36,7,11,8,2,1,0,7,0,0,2,9,0.306,0.342,0.417,0.759,15,1,0,0,0,0,Keep
1123,CHW,2009-05-01,3,0,3,-3,@,TEX,"W, 4-3",37,35,4,9,7,1,1,0,4,0,0,2,4,0.257,0.297,0.343,0.64,12,0,0,0,0,0,2009-05-01_CHW,4487,CHW,2009-05-01,6,3,3,0,@,TEX,"W, 4-3",37,35,4,9,7,1,1,0,4,0,0,2,4,0.257,0.297,0.343,0.64,12,0,0,0,0,0,Keep
1127,PHI,2009-04-27,3,2,5,-3,,WSN,"W, 13-11",43,35,13,14,7,5,0,2,12,0,0,6,7,0.4,0.488,0.714,1.203,25,1,1,0,1,0,2009-04-27_PHI,4496,PHI,2009-04-27,6,7,7,0,,WSN,"W, 13-11",43,35,13,14,7,5,0,2,12,0,0,6,7,0.4,0.488,0.714,1.203,25,1,1,0,1,0,Keep
1147,SFG,2008-09-14,3,1,4,-3,@,SDP,"W, 8-6 (10)",46,40,8,13,11,2,0,0,7,1,0,5,7,0.325,0.391,0.375,0.766,15,0,0,0,1,0,2008-09-14_SFG,4567,SFG,2008-09-14,6,6,6,0,@,SDP,"W, 8-6 (10)",46,40,8,13,11,2,0,0,7,1,0,5,7,0.325,0.391,0.375,0.766,15,0,0,0,1,0,Keep
1149,STL,2008-09-09,3,0,3,-3,,CHC,"W, 4-3",36,32,4,9,6,2,0,1,4,0,0,3,7,0.281,0.343,0.438,0.78,14,1,0,1,0,0,2008-09-09_STL,4575,STL,2008-09-09,6,3,3,0,,CHC,"W, 4-3",36,32,4,9,6,2,0,1,4,0,0,3,7,0.281,0.343,0.438,0.78,14,1,0,1,0,0,Keep
1151,CIN,2008-09-04,3,2,5,-3,,PIT,"W, 8-6",42,31,8,12,6,4,0,2,7,0,0,5,6,0.387,0.475,0.71,1.185,22,1,2,2,2,0,2008-09-04_CIN,4585,CIN,2008-09-04,6,5,5,0,,PIT,"W, 8-6",42,31,8,12,6,4,0,2,7,0,0,5,6,0.387,0.475,0.71,1.185,22,1,2,2,2,0,Keep
1152,ARI,2008-09-01,3,2,5,-3,,STL,"W, 8-6",38,32,8,12,5,2,1,4,7,0,0,4,5,0.375,0.432,0.875,1.307,28,2,0,1,1,0,2008-09-01_ARI,4594,ARI,2008-09-01,6,6,6,0,,STL,"W, 8-6",38,32,8,12,5,2,1,4,7,0,0,4,5,0.375,0.432,0.875,1.307,28,2,0,1,1,0,Keep
1158,CHW,2008-08-24,3,0,3,-3,,TBR,"W, 6-5 (10)",42,40,6,13,8,3,0,2,6,1,0,2,3,0.325,0.357,0.55,0.907,22,2,0,0,0,1,2008-08-24_CHW,4611,CHW,2008-08-24,6,4,4,0,,TBR,"W, 6-5 (10)",42,40,6,13,8,3,0,2,6,1,0,2,3,0.325,0.357,0.55,0.907,22,2,0,0,0,1,Keep
1182,CIN,2008-07-22,3,0,3,-3,,SDP,"W, 4-3 (11)",47,41,4,11,10,1,0,0,4,0,0,5,13,0.268,0.362,0.293,0.654,12,1,1,0,0,0,2008-07-22_CIN,4670,CIN,2008-07-22,6,3,3,0,,SDP,"W, 4-3 (11)",47,41,4,11,10,1,0,0,4,0,0,5,13,0.268,0.362,0.293,0.654,12,1,1,0,0,0,Keep
1197,SDP,2008-06-30,3,3,6,-3,@,COL,"W, 15-8",49,46,15,22,16,2,0,4,15,0,0,1,9,0.478,0.5,0.783,1.283,36,2,1,1,0,0,2008-06-30_SDP,4713,SDP,2008-06-30,6,8,8,0,@,COL,"W, 15-8",49,46,15,22,16,2,0,4,15,0,0,1,9,0.478,0.5,0.783,1.283,36,2,1,1,0,0,Keep
1210,TBR,2008-05-19,3,0,3,-3,@,OAK,"W, 7-6 (13)",54,49,7,11,4,5,0,2,7,2,1,5,15,0.224,0.296,0.449,0.745,22,0,0,0,0,1,2008-05-19_TBR,4781,TBR,2008-05-19,6,4,4,0,@,OAK,"W, 7-6 (13)",54,49,7,11,4,5,0,2,7,2,1,5,15,0.224,0.296,0.449,0.745,22,0,0,0,0,1,Keep
1248,HOU,2007-09-11,3,1,4,-3,,CHC,"W, 5-4 (11)",42,41,5,10,5,3,2,0,4,0,0,1,9,0.244,0.262,0.415,0.677,17,0,0,0,0,0,2007-09-11_HOU,4894,HOU,2007-09-11,6,4,4,0,,CHC,"W, 5-4 (11)",42,41,5,10,5,3,2,0,4,0,0,1,9,0.244,0.262,0.415,0.677,17,0,0,0,0,0,Keep
1254,LAD,2007-08-29,3,2,5,-3,,WSN,"W, 10-9 (12)",53,47,10,14,7,4,0,3,10,0,1,4,9,0.298,0.346,0.574,0.921,27,0,0,1,1,1,2007-08-29_LAD,4918,LAD,2007-08-29,6,8,8,0,,WSN,"W, 10-9 (12)",53,47,10,14,7,4,0,3,10,0,1,4,9,0.298,0.346,0.574,0.921,27,0,0,1,1,1,Keep
1263,OAK,2007-08-16,3,0,3,-3,,CHW,"W, 8-5 (10)",45,40,8,11,6,0,2,3,8,1,0,5,6,0.275,0.356,0.6,0.956,24,0,0,0,0,2,2007-08-16_OAK,4940,OAK,2007-08-16,6,4,4,0,,CHW,"W, 8-5 (10)",45,40,8,11,6,0,2,3,8,1,0,5,6,0.275,0.356,0.6,0.956,24,0,0,0,0,2,Keep
1268,BOS,2007-08-08,3,0,3,-3,@,LAA,"W, 9-6",45,39,9,14,8,5,0,1,8,2,0,3,4,0.359,0.4,0.564,0.964,22,0,1,0,2,0,2007-08-08_BOS,4956,BOS,2007-08-08,6,6,6,0,@,LAA,"W, 9-6",45,39,9,14,8,5,0,1,8,2,0,3,4,0.359,0.4,0.564,0.964,22,0,1,0,2,0,Keep
1333,WSN,2006-09-12,3,0,3,-3,@,ARI,"W, 5-4",42,37,5,10,8,1,0,1,4,0,2,5,8,0.27,0.357,0.378,0.736,14,0,0,0,0,0,2006-09-12_WSN,5224,WSN,2006-09-12,6,4,4,0,@,ARI,"W, 5-4",42,37,5,10,8,1,0,1,4,0,2,5,8,0.27,0.357,0.378,0.736,14,0,0,0,0,0,Keep
1340,PIT,2006-08-29,3,0,3,-3,,CHC,"W, 7-6 (11)",47,41,7,10,8,2,0,0,6,0,0,4,10,0.244,0.311,0.293,0.604,12,1,0,2,0,1,2006-08-29_PIT,5250,PIT,2006-08-29,6,4,4,0,,CHC,"W, 7-6 (11)",47,41,7,10,8,2,0,0,6,0,0,4,10,0.244,0.311,0.293,0.604,12,1,0,2,0,1,Keep
1341,MIN,2006-08-25,3,0,3,-3,@,CHW,"W, 5-4",38,37,5,11,8,1,0,2,5,1,0,0,1,0.297,0.316,0.486,0.802,18,1,1,0,0,0,2006-08-25_MIN,5255,MIN,2006-08-25,6,4,4,0,@,CHW,"W, 5-4",38,37,5,11,8,1,0,2,5,1,0,0,1,0.297,0.316,0.486,0.802,18,1,1,0,0,0,Keep
1348,CIN,2006-08-09,3,1,4,-3,,STL,"W, 8-7",36,32,8,8,3,1,0,4,8,0,0,2,7,0.25,0.306,0.656,0.962,21,0,1,0,1,0,2006-08-09_CIN,5281,CIN,2006-08-09,6,6,6,0,,STL,"W, 8-7",36,32,8,8,3,1,0,4,8,0,0,2,7,0.25,0.306,0.656,0.962,21,0,1,0,1,0,Keep
1350,MIN,2006-08-06,3,1,4,-3,@,KCR,"W, 11-5",49,44,11,22,14,5,2,1,11,0,1,2,4,0.5,0.542,0.773,1.314,34,1,2,1,0,0,2006-08-06_MIN,5289,MIN,2006-08-06,6,5,5,0,@,KCR,"W, 11-5",49,44,11,22,14,5,2,1,11,0,1,2,4,0.5,0.542,0.773,1.314,34,1,2,1,0,0,Keep
1355,FLA,2006-08-01,3,1,4,-3,,NYM,"W, 6-5",37,32,6,9,4,3,0,2,6,0,1,4,5,0.281,0.361,0.563,0.924,18,0,0,1,0,0,2006-08-01_FLA,5299,FLA,2006-08-01,6,4,4,0,,NYM,"W, 6-5",37,32,6,9,4,3,0,2,6,0,1,4,5,0.281,0.361,0.563,0.924,18,0,0,1,0,0,Keep
1356,SEA,2006-07-31,3,0,3,-3,@,BAL,"W, 10-5",43,39,10,13,8,3,0,2,9,0,0,3,7,0.333,0.372,0.564,0.936,22,1,0,0,1,1,2006-07-31_SEA,5302,SEA,2006-07-31,6,3,3,0,@,BAL,"W, 10-5",43,39,10,13,8,3,0,2,9,0,0,3,7,0.333,0.372,0.564,0.936,22,1,0,0,1,1,Keep
1371,KCR,2006-06-21,3,0,3,-3,,PIT,"W, 6-4",35,32,6,11,8,2,0,1,6,0,0,2,6,0.344,0.382,0.5,0.882,16,1,0,1,0,0,2006-06-21_KCR,5371,KCR,2006-06-21,6,4,4,0,,PIT,"W, 6-4",35,32,6,11,8,2,0,1,6,0,0,2,6,0.344,0.382,0.5,0.882,16,1,0,1,0,0,Keep
1392,SEA,2006-05-13,3,1,4,-3,@,LAA,"W, 5-4 (13)",51,50,5,11,8,0,0,3,4,1,1,1,13,0.22,0.235,0.4,0.635,20,0,0,0,0,0,2006-05-13_SEA,5448,SEA,2006-05-13,6,4,4,0,@,LAA,"W, 5-4 (13)",51,50,5,11,8,0,0,3,4,1,1,1,13,0.22,0.235,0.4,0.635,20,0,0,0,0,0,Keep
1402,BAL,2006-04-14,3,1,4,-3,,LAA,"W, 6-5",33,33,6,9,3,2,0,4,6,0,0,0,3,0.273,0.273,0.697,0.97,23,1,0,0,0,0,2006-04-14_BAL,5499,BAL,2006-04-14,6,4,4,0,,LAA,"W, 6-5",33,33,6,9,3,2,0,4,6,0,0,0,3,0.273,0.273,0.697,0.97,23,1,0,0,0,0,Keep
1404,PIT,2006-04-12,3,0,3,-3,,LAD,"W, 9-5",41,37,9,14,7,2,1,4,9,4,0,3,5,0.378,0.415,0.811,1.225,30,0,0,0,1,0,2006-04-12_PIT,5504,PIT,2006-04-12,6,5,5,0,,LAD,"W, 9-5",41,37,9,14,7,2,1,4,9,4,0,3,5,0.378,0.415,0.811,1.225,30,0,0,0,1,0,Keep
1415,ATL,2005-09-25,3,0,3,-3,,FLA,"W, 5-3",36,29,5,7,6,0,0,1,5,2,0,5,11,0.241,0.333,0.345,0.678,10,0,0,0,2,1,2005-09-25_ATL,5535,ATL,2005-09-25,6,3,3,0,,FLA,"W, 5-3",36,29,5,7,6,0,0,1,5,2,0,5,11,0.241,0.333,0.345,0.678,10,0,0,0,2,1,Keep
1416,KCR,2005-09-25,3,0,3,-3,,CLE,"W, 5-4",35,32,5,9,6,2,0,1,4,1,0,1,8,0.281,0.303,0.438,0.741,14,1,0,2,0,1,2005-09-25_KCR,5536,KCR,2005-09-25,6,3,3,0,,CLE,"W, 5-4",35,32,5,9,6,2,0,1,4,1,0,1,8,0.281,0.303,0.438,0.741,14,1,0,2,0,1,Keep
1432,SFG,2005-08-16,3,2,5,-3,@,CIN,"W, 10-8",45,42,10,19,12,4,1,2,9,0,1,1,4,0.452,0.477,0.738,1.215,31,2,1,1,0,0,2005-08-16_SFG,5607,SFG,2005-08-16,6,7,7,0,@,CIN,"W, 10-8",45,42,10,19,12,4,1,2,9,0,1,1,4,0.452,0.477,0.738,1.215,31,2,1,1,0,0,Keep
1436,SEA,2005-08-08,3,1,4,-3,,MIN,"W, 5-4",34,31,5,9,5,3,0,1,5,0,0,3,6,0.29,0.353,0.484,0.837,15,2,0,0,0,1,2005-08-08_SEA,5623,SEA,2005-08-08,6,4,4,0,,MIN,"W, 5-4",34,31,5,9,5,3,0,1,5,0,0,3,6,0.29,0.353,0.484,0.837,15,2,0,0,0,1,Keep
1448,OAK,2005-07-21,3,0,3,-3,@,TEX,"W, 6-4",42,38,6,11,9,1,1,0,6,0,0,4,7,0.289,0.357,0.368,0.726,14,0,0,0,0,0,2005-07-21_OAK,5657,OAK,2005-07-21,6,4,4,0,@,TEX,"W, 6-4",42,38,6,11,9,1,1,0,6,0,0,4,7,0.289,0.357,0.368,0.726,14,0,0,0,0,0,Keep
1456,MIL,2005-07-02,3,0,3,-3,,PIT,"W, 5-3",31,29,5,7,5,0,0,2,5,0,0,1,9,0.241,0.267,0.448,0.715,13,1,0,1,0,0,2005-07-02_MIL,5687,MIL,2005-07-02,6,3,3,0,,PIT,"W, 5-3",31,29,5,7,5,0,0,2,5,0,0,1,9,0.241,0.267,0.448,0.715,13,1,0,1,0,0,Keep
1461,OAK,2005-06-10,3,0,3,-3,@,ATL,"W, 6-4",39,37,6,10,5,3,0,2,6,0,0,2,5,0.27,0.308,0.514,0.821,19,0,0,0,0,0,2005-06-10_OAK,5719,OAK,2005-06-10,6,4,4,0,@,ATL,"W, 6-4",39,37,6,10,5,3,0,2,6,0,0,2,5,0.27,0.308,0.514,0.821,19,0,0,0,0,0,Keep
1471,FLA,2005-05-21,3,0,3,-3,,TBD,"W, 4-3",37,31,4,8,3,1,1,3,4,0,0,5,2,0.258,0.361,0.645,1.006,20,0,0,1,0,1,2005-05-21_FLA,5749,FLA,2005-05-21,6,3,3,0,,TBD,"W, 4-3",37,31,4,8,3,1,1,3,4,0,0,5,2,0.258,0.361,0.645,1.006,20,0,0,1,0,1,Keep
1474,BAL,2005-05-14,3,2,5,-3,@,CHW,"W, 9-6",48,41,9,15,6,7,0,2,8,1,0,6,10,0.366,0.447,0.683,1.13,28,0,0,1,0,1,2005-05-14_BAL,5759,BAL,2005-05-14,6,5,5,0,@,CHW,"W, 9-6",48,41,9,15,6,7,0,2,8,1,0,6,10,0.366,0.447,0.683,1.13,28,0,0,1,0,1,Keep
1479,CLE,2005-05-04,3,1,4,-3,@,MIN,"W, 5-4",38,38,5,13,8,3,0,2,5,0,0,0,3,0.342,0.342,0.579,0.921,22,2,0,0,0,0,2005-05-04_CLE,5781,CLE,2005-05-04,6,4,4,0,@,MIN,"W, 5-4",38,38,5,13,8,3,0,2,5,0,0,0,3,0.342,0.342,0.579,0.921,22,2,0,0,0,0,Keep
1491,CIN,2005-04-20,3,0,3,-3,,PIT,"W, 6-4",39,31,6,11,4,3,0,4,6,0,1,6,2,0.355,0.459,0.839,1.298,26,0,0,2,0,0,2005-04-20_CIN,5806,CIN,2005-04-20,6,3,3,0,,PIT,"W, 6-4",39,31,6,11,4,3,0,4,6,0,1,6,2,0.355,0.459,0.839,1.298,26,0,0,2,0,0,Keep
1496,CHW,2005-04-13,3,0,3,-3,@,CLE,"W, 5-4 (10)",38,36,5,9,6,3,0,0,5,0,1,0,4,0.25,0.243,0.333,0.577,12,1,0,1,1,0,2005-04-13_CHW,5821,CHW,2005-04-13,6,3,3,0,@,CLE,"W, 5-4 (10)",38,36,5,9,6,3,0,0,5,0,1,0,4,0.25,0.243,0.333,0.577,12,1,0,1,1,0,Keep
1507,ARI,2004-09-16,3,1,4,-3,,COL,"W, 8-5",39,34,8,14,6,7,0,1,8,0,0,2,8,0.412,0.447,0.706,1.153,24,2,1,1,1,0,2004-09-16_ARI,5886,ARI,2004-09-16,6,4,4,0,,COL,"W, 8-5",39,34,8,14,6,7,0,1,8,0,0,2,8,0.412,0.447,0.706,1.153,24,2,1,1,1,0,Keep
1514,ATL,2004-08-24,3,1,4,-3,,COL,"W, 6-5",42,35,6,14,10,3,1,0,6,0,0,4,4,0.4,0.475,0.543,1.018,19,1,1,2,0,0,2004-08-24_ATL,5927,ATL,2004-08-24,6,5,5,0,,COL,"W, 6-5",42,35,6,14,10,3,1,0,6,0,0,4,4,0.4,0.475,0.543,1.018,19,1,1,2,0,0,Keep
1516,NYY,2004-08-24,3,1,4,-3,@,CLE,"W, 5-4",43,35,5,12,6,4,0,2,5,3,0,5,6,0.343,0.405,0.629,1.033,22,0,0,1,2,0,2004-08-24_NYY,5928,NYY,2004-08-24,6,4,4,0,@,CLE,"W, 5-4",43,35,5,12,6,4,0,2,5,3,0,5,6,0.343,0.405,0.629,1.033,22,0,0,1,2,0,Keep
1517,NYM,2004-08-21,3,0,3,-3,@,SFG,"W, 11-9 (12)",56,45,11,17,9,7,0,1,8,0,0,7,5,0.378,0.472,0.6,1.072,27,6,1,3,0,1,2004-08-21_NYM,5933,NYM,2004-08-21,6,7,7,0,@,SFG,"W, 11-9 (12)",56,45,11,17,9,7,0,1,8,0,0,7,5,0.378,0.472,0.6,1.072,27,6,1,3,0,1,Keep
1536,COL,2004-07-18,3,1,4,-3,,SFG,"W, 10-9",46,37,10,15,10,2,0,3,10,0,0,6,1,0.405,0.477,0.703,1.18,26,1,0,2,1,1,2004-07-18_COL,5991,COL,2004-07-18,6,5,5,0,,SFG,"W, 10-9",46,37,10,15,10,2,0,3,10,0,0,6,1,0.405,0.477,0.703,1.18,26,1,0,2,1,1,Keep
1540,COL,2004-07-09,3,0,3,-3,@,SDP,"W, 6-5",37,35,6,9,5,3,0,1,6,1,0,2,3,0.257,0.297,0.429,0.726,15,1,0,0,0,0,2004-07-09_COL,6001,COL,2004-07-09,6,3,3,0,@,SDP,"W, 6-5",37,35,6,9,5,3,0,1,6,1,0,2,3,0.257,0.297,0.429,0.726,15,1,0,0,0,0,Keep
1544,ANA,2004-06-26,3,2,5,-3,@,LAD,"W, 7-5",38,34,7,8,4,1,0,3,7,1,0,3,10,0.235,0.297,0.529,0.827,18,1,0,1,0,0,2004-06-26_ANA,6021,ANA,2004-06-26,6,5,5,0,@,LAD,"W, 7-5",38,34,7,8,4,1,0,3,7,1,0,3,10,0.235,0.297,0.529,0.827,18,1,0,1,0,0,Keep
1546,COL,2004-06-25,3,1,4,-3,@,CLE,"W, 10-8 (10)",52,45,10,15,11,1,0,3,10,1,0,7,13,0.333,0.423,0.556,0.979,25,1,0,0,0,0,2004-06-25_COL,6026,COL,2004-06-25,6,8,8,0,@,CLE,"W, 10-8 (10)",52,45,10,15,11,1,0,3,10,1,0,7,13,0.333,0.423,0.556,0.979,25,1,0,0,0,0,Keep
1562,SDP,2004-05-25,3,2,5,-3,@,COL,"W, 11-6",48,41,11,16,12,2,0,2,11,0,0,6,6,0.39,0.458,0.585,1.044,24,1,0,0,1,0,2004-05-25_SDP,6077,SDP,2004-05-25,6,6,6,0,@,COL,"W, 11-6",48,41,11,16,12,2,0,2,11,0,0,6,6,0.39,0.458,0.585,1.044,24,1,0,0,1,0,Keep
1576,TOR,2004-04-24,3,0,3,-3,@,BAL,"W, 5-4 (12)",59,48,5,14,10,2,0,2,5,0,0,9,12,0.292,0.404,0.458,0.862,22,0,0,2,0,2,2004-04-24_TOR,6135,TOR,2004-04-24,6,4,4,0,@,BAL,"W, 5-4 (12)",59,48,5,14,10,2,0,2,5,0,0,9,12,0.292,0.404,0.458,0.862,22,0,0,2,0,2,Keep
1577,LAD,2004-04-23,3,1,4,-3,,SFG,"W, 5-4 (12)",48,44,5,10,5,2,2,1,5,0,0,4,4,0.227,0.292,0.432,0.723,19,0,0,0,0,0,2004-04-23_LAD,6136,LAD,2004-04-23,6,4,4,0,,SFG,"W, 5-4 (12)",48,44,5,10,5,2,2,1,5,0,0,4,4,0.227,0.292,0.432,0.723,19,0,0,0,0,0,Keep
1583,BAL,2004-04-15,3,2,5,-3,@,BOS,"W, 12-7 (11)",57,47,12,14,8,2,1,3,11,2,0,9,6,0.298,0.411,0.574,0.985,27,2,0,1,0,0,2004-04-15_BAL,6149,BAL,2004-04-15,6,7,7,0,@,BOS,"W, 12-7 (11)",57,47,12,14,8,2,1,3,11,2,0,9,6,0.298,0.411,0.574,0.985,27,2,0,1,0,0,Keep
1584,ANA,2004-04-13,3,0,3,-3,,SEA,"W, 7-5",37,34,7,11,7,2,0,2,7,3,0,3,4,0.324,0.378,0.559,0.937,19,0,0,0,0,0,2004-04-13_ANA,6152,ANA,2004-04-13,6,4,4,0,,SEA,"W, 7-5",37,34,7,11,7,2,0,2,7,3,0,3,4,0.324,0.378,0.559,0.937,19,0,0,0,0,0,Keep
1586,SDP,2004-04-10,3,1,4,-3,,SFG,"W, 6-4",41,37,6,14,9,5,0,0,6,0,0,3,3,0.378,0.415,0.514,0.928,19,0,0,0,1,0,2004-04-10_SDP,6161,SDP,2004-04-10,6,4,4,0,,SFG,"W, 6-4",41,37,6,14,9,5,0,0,6,0,0,3,3,0.378,0.415,0.514,0.928,19,0,0,0,1,0,Keep
1594,ANA,2003-09-26,3,0,3,-3,,TEX,"W, 5-3",35,30,5,7,4,3,0,0,4,1,0,5,5,0.233,0.343,0.333,0.676,10,0,0,0,0,1,2003-09-26_ANA,6175,ANA,2003-09-26,6,3,3,0,,TEX,"W, 5-3",35,30,5,7,4,3,0,0,4,1,0,5,5,0.233,0.343,0.333,0.676,10,0,0,0,0,1,Keep
1605,HOU,2003-09-06,3,1,4,-3,@,SDP,"W, 10-4",48,37,10,13,8,4,0,1,10,0,1,8,8,0.351,0.5,0.541,1.041,20,0,3,0,0,0,2003-09-06_HOU,6213,HOU,2003-09-06,6,4,4,0,@,SDP,"W, 10-4",48,37,10,13,8,4,0,1,10,0,1,8,8,0.351,0.5,0.541,1.041,20,0,3,0,0,0,Keep
1642,KCR,2003-06-10,3,0,3,-3,,ARI,"W, 7-3",37,36,7,13,11,2,0,0,6,0,1,1,2,0.361,0.378,0.417,0.795,15,0,0,0,0,0,2003-06-10_KCR,6343,KCR,2003-06-10,6,3,3,0,,ARI,"W, 7-3",37,36,7,13,11,2,0,0,6,0,1,1,2,0.361,0.378,0.417,0.795,15,0,0,0,0,0,Keep
1654,CLE,2003-05-19,3,3,6,-3,,DET,"W, 10-9",40,36,10,14,7,5,0,2,10,2,1,4,4,0.389,0.45,0.694,1.144,25,1,0,0,0,0,2003-05-19_CLE,6381,CLE,2003-05-19,6,7,7,0,,DET,"W, 10-9",40,36,10,14,7,5,0,2,10,2,1,4,4,0.389,0.45,0.694,1.144,25,1,0,0,0,0,Keep
1659,CHW,2003-05-10,3,0,3,-3,@,SEA,"W, 4-3",36,36,4,10,8,1,0,1,3,0,0,0,5,0.278,0.278,0.389,0.667,14,1,0,0,0,0,2003-05-10_CHW,6397,CHW,2003-05-10,6,3,3,0,@,SEA,"W, 4-3",36,36,4,10,8,1,0,1,3,0,0,0,5,0.278,0.278,0.389,0.667,14,1,0,0,0,0,Keep
1661,ARI,2003-05-06,3,0,3,-3,,PHI,"W, 6-5",43,33,6,9,6,2,0,1,6,0,0,8,7,0.273,0.405,0.424,0.829,14,0,0,1,1,2,2003-05-06_ARI,6404,ARI,2003-05-06,6,5,5,0,,PHI,"W, 6-5",43,33,6,9,6,2,0,1,6,0,0,8,7,0.273,0.405,0.424,0.829,14,0,0,1,1,2,Keep
1663,ATL,2003-05-04,3,1,4,-3,@,ARI,"W, 7-4 (11)",48,37,7,9,4,4,0,1,6,2,1,8,5,0.243,0.37,0.432,0.802,16,1,0,2,1,1,2003-05-04_ATL,6407,ATL,2003-05-04,6,4,4,0,@,ARI,"W, 7-4 (11)",48,37,7,9,4,4,0,1,6,2,1,8,5,0.243,0.37,0.432,0.802,16,1,0,2,1,1,Keep
1667,ATL,2003-05-01,3,1,4,-3,@,HOU,"W, 8-7",39,36,8,11,5,3,0,3,8,2,0,1,9,0.306,0.324,0.639,0.963,23,0,0,2,0,0,2003-05-01_ATL,6415,ATL,2003-05-01,6,5,5,0,@,HOU,"W, 8-7",39,36,8,11,5,3,0,3,8,2,0,1,9,0.306,0.324,0.639,0.963,23,0,0,2,0,0,Keep
1678,TEX,2003-04-10,3,0,3,-3,,OAK,"W, 5-4",37,34,5,11,7,1,1,2,5,0,0,2,5,0.324,0.361,0.588,0.949,20,0,0,1,0,0,2003-04-10_TEX,6454,TEX,2003-04-10,6,4,4,0,,OAK,"W, 5-4",37,34,5,11,7,1,1,2,5,0,0,2,5,0.324,0.361,0.588,0.949,20,0,0,1,0,0,Keep
1680,CIN,2003-04-06,3,1,4,-3,,CHC,"W, 5-4",33,32,5,8,3,2,1,2,5,0,0,1,9,0.25,0.273,0.563,0.835,18,0,0,0,0,0,2003-04-06_CIN,6463,CIN,2003-04-06,6,4,4,0,,CHC,"W, 5-4",33,32,5,8,3,2,1,2,5,0,0,1,9,0.25,0.273,0.563,0.835,18,0,0,0,0,0,Keep
1685,COL,2002-09-21,3,3,6,-3,,ARI,"W, 15-8",48,43,15,20,19,1,0,0,12,1,1,4,9,0.465,0.5,0.488,0.988,21,0,0,0,1,1,2002-09-21_COL,6487,COL,2002-09-21,6,8,8,0,,ARI,"W, 15-8",48,43,15,20,19,1,0,0,12,1,1,4,9,0.465,0.5,0.488,0.988,21,0,0,0,1,1,Keep
1726,PIT,2002-07-05,3,0,3,-3,,HOU,"W, 4-3",37,32,4,10,7,2,0,1,4,0,0,4,8,0.313,0.405,0.469,0.874,15,1,1,0,0,0,2002-07-05_PIT,6628,PIT,2002-07-05,6,3,3,0,,HOU,"W, 4-3",37,32,4,10,7,2,0,1,4,0,0,4,8,0.313,0.405,0.469,0.874,15,1,1,0,0,0,Keep
1728,NYY,2002-07-02,3,0,3,-3,,CLE,"W, 10-5",38,31,10,9,8,0,0,1,10,0,1,4,4,0.29,0.378,0.387,0.765,12,0,1,1,1,0,2002-07-02_NYY,6635,NYY,2002-07-02,6,3,3,0,,CLE,"W, 10-5",38,31,10,9,8,0,0,1,10,0,1,4,4,0.29,0.378,0.387,0.765,12,0,1,1,1,0,Keep
1750,TBD,2002-05-18,3,0,3,-3,@,BAL,"W, 5-4",44,39,5,12,10,0,0,2,5,2,0,5,9,0.308,0.386,0.462,0.848,18,0,0,0,0,0,2002-05-18_TBD,6720,TBD,2002-05-18,6,3,3,0,@,BAL,"W, 5-4",44,39,5,12,10,0,0,2,5,2,0,5,9,0.308,0.386,0.462,0.848,18,0,0,0,0,0,Keep
1773,ARI,2002-04-13,3,0,3,-3,@,COL,"W, 7-5 (10)",43,41,7,12,6,3,2,1,7,2,0,1,5,0.293,0.326,0.537,0.862,22,1,1,0,0,1,2002-04-13_ARI,6777,ARI,2002-04-13,6,5,5,0,@,COL,"W, 7-5 (10)",43,41,7,12,6,3,2,1,7,2,0,1,5,0.293,0.326,0.537,0.862,22,1,1,0,0,1,Keep
1775,FLA,2002-04-13,3,1,4,-3,,ATL,"W, 5-4 (14)",66,50,5,8,5,3,0,0,4,2,0,12,11,0.16,0.344,0.22,0.564,11,0,2,2,0,5,2002-04-13_FLA,6780,FLA,2002-04-13,6,4,4,0,,ATL,"W, 5-4 (14)",66,50,5,8,5,3,0,0,4,2,0,12,11,0.16,0.344,0.22,0.564,11,0,2,2,0,5,Keep
1780,SEA,2001-10-03,3,0,3,-3,@,ANA,"W, 4-3",45,39,4,13,10,2,0,1,4,2,0,5,6,0.333,0.4,0.462,0.862,18,1,0,0,1,0,2001-10-03_SEA,6797,SEA,2001-10-03,6,3,3,0,@,ANA,"W, 4-3",45,39,4,13,10,2,0,1,4,2,0,5,6,0.333,0.4,0.462,0.862,18,1,0,0,1,0,Keep
1781,CIN,2001-10-02,3,1,4,-3,@,CHC,"W, 5-4",35,34,5,10,5,2,0,3,5,0,1,1,7,0.294,0.314,0.618,0.932,21,2,0,0,0,0,2001-10-02_CIN,6800,CIN,2001-10-02,6,4,4,0,@,CHC,"W, 5-4",35,34,5,10,5,2,0,3,5,0,1,1,7,0.294,0.314,0.618,0.932,21,2,0,0,0,0,Keep
1790,CIN,2001-09-02,3,1,4,-3,,PIT,"W, 8-6",40,37,8,14,8,4,0,2,8,0,0,2,5,0.378,0.425,0.649,1.074,24,0,1,0,0,0,2001-09-02_CIN,6843,CIN,2001-09-02,6,5,5,0,,PIT,"W, 8-6",40,37,8,14,8,4,0,2,8,0,0,2,5,0.378,0.425,0.649,1.074,24,0,1,0,0,0,Keep
1795,OAK,2001-08-26,3,0,3,-3,,DET,"W, 7-6",37,31,7,9,6,1,0,2,7,0,0,3,4,0.29,0.389,0.516,0.905,16,1,2,1,0,0,2001-08-26_OAK,6859,OAK,2001-08-26,6,5,5,0,,DET,"W, 7-6",37,31,7,9,6,1,0,2,7,0,0,3,4,0.29,0.389,0.516,0.905,16,1,2,1,0,0,Keep
1825,CLE,2001-06-22,3,0,3,-3,@,KCR,"W, 6-5",41,38,6,14,11,0,0,3,6,0,1,2,3,0.368,0.415,0.605,1.02,23,3,1,0,0,0,2001-06-22_CLE,6967,CLE,2001-06-22,6,4,4,0,@,KCR,"W, 6-5",41,38,6,14,11,0,0,3,6,0,1,2,3,0.368,0.415,0.605,1.02,23,3,1,0,0,0,Keep
1834,CIN,2001-06-08,3,0,3,-3,@,CLE,"W, 7-4",41,35,7,12,7,4,0,1,7,1,2,5,6,0.343,0.425,0.543,0.968,19,0,0,1,0,2,2001-06-08_CIN,6989,CIN,2001-06-08,6,4,4,0,@,CLE,"W, 7-4",41,35,7,12,7,4,0,1,7,1,2,5,6,0.343,0.425,0.543,0.968,19,0,0,1,0,2,Keep
1846,ATL,2001-05-16,3,0,3,-3,,COL,"W, 6-4",34,32,6,11,5,5,0,1,6,0,0,2,7,0.344,0.382,0.594,0.976,19,0,0,0,0,1,2001-05-16_ATL,7030,ATL,2001-05-16,6,4,4,0,,COL,"W, 6-4",34,32,6,11,5,5,0,1,6,0,0,2,7,0.344,0.382,0.594,0.976,19,0,0,0,0,1,Keep
1847,MIN,2001-05-16,3,0,3,-3,,BOS,"W, 4-3",31,28,4,5,2,1,1,1,4,0,1,3,8,0.179,0.258,0.393,0.651,11,0,0,0,0,0,2001-05-16_MIN,7033,MIN,2001-05-16,6,3,3,0,,BOS,"W, 4-3",31,28,4,5,2,1,1,1,4,0,1,3,8,0.179,0.258,0.393,0.651,11,0,0,0,0,0,Keep
1848,BAL,2001-05-13,3,0,3,-3,@,NYY,"W, 10-5 (11)",51,47,10,14,10,1,0,3,10,1,0,4,8,0.298,0.353,0.511,0.864,24,0,0,0,0,1,2001-05-13_BAL,7035,BAL,2001-05-13,6,3,3,0,@,NYY,"W, 10-5 (11)",51,47,10,14,10,1,0,3,10,1,0,4,8,0.298,0.353,0.511,0.864,24,0,0,0,0,1,Keep
1851,ATL,2001-05-05,3,1,4,-3,,STL,"W, 6-5",42,36,6,13,6,4,0,3,6,0,0,5,10,0.361,0.452,0.722,1.175,26,0,1,0,0,0,2001-05-05_ATL,7053,ATL,2001-05-05,6,5,5,0,,STL,"W, 6-5",42,36,6,13,6,4,0,3,6,0,0,5,10,0.361,0.452,0.722,1.175,26,0,1,0,0,0,Keep
1853,KCR,2001-05-05,3,1,4,-3,,MIN,"W, 12-10 (12)",52,44,12,15,10,4,0,1,11,1,0,4,4,0.341,0.373,0.5,0.873,22,2,0,1,3,0,2001-05-05_KCR,7054,KCR,2001-05-05,6,4,4,0,,MIN,"W, 12-10 (12)",52,44,12,15,10,4,0,1,11,1,0,4,4,0.341,0.373,0.5,0.873,22,2,0,1,3,0,Keep
1856,TOR,2001-04-24,3,0,3,-3,,TEX,"W, 7-5",41,31,7,10,7,1,0,2,7,1,1,6,4,0.323,0.436,0.548,0.984,17,1,1,2,1,1,2001-04-24_TOR,7072,TOR,2001-04-24,6,4,4,0,,TEX,"W, 7-5",41,31,7,10,7,1,0,2,7,1,1,6,4,0.323,0.436,0.548,0.984,17,1,1,2,1,1,Keep
1860,TBD,2001-04-11,3,0,3,-3,@,TOR,"W, 4-3",37,36,4,8,6,2,0,0,4,2,0,1,5,0.222,0.243,0.278,0.521,10,0,0,0,0,0,2001-04-11_TBD,7088,TBD,2001-04-11,6,3,3,0,@,TOR,"W, 4-3",37,36,4,8,6,2,0,0,4,2,0,1,5,0.222,0.243,0.278,0.521,10,0,0,0,0,0,Keep
1864,CLE,2001-04-06,3,0,3,-3,,BAL,"W, 4-3",35,28,4,5,2,1,0,2,4,0,0,5,7,0.179,0.324,0.429,0.752,12,0,1,1,0,0,2001-04-06_CLE,7093,CLE,2001-04-06,6,3,3,0,,BAL,"W, 4-3",35,28,4,5,2,1,0,2,4,0,0,5,7,0.179,0.324,0.429,0.752,12,0,1,1,0,0,Keep
1882,TOR,2000-08-22,3,0,3,-3,,KCR,"W, 7-5",36,33,7,10,7,1,0,2,6,1,0,2,6,0.303,0.343,0.515,0.858,17,2,0,1,0,0,2000-08-22_TOR,7177,TOR,2000-08-22,6,3,3,0,,KCR,"W, 7-5",36,33,7,10,7,1,0,2,6,1,0,2,6,0.303,0.343,0.515,0.858,17,2,0,1,0,0,Keep
1885,BOS,2000-08-14,3,0,3,-3,,TBD,"W, 7-3",41,34,7,9,6,2,0,1,7,3,0,2,5,0.265,0.308,0.412,0.719,14,0,1,2,2,2,2000-08-14_BOS,7193,BOS,2000-08-14,6,3,3,0,,TBD,"W, 7-3",41,34,7,9,6,2,0,1,7,3,0,2,5,0.265,0.308,0.412,0.719,14,0,1,2,2,2,Keep
1888,CHW,2000-08-11,3,2,5,-3,@,TBD,"W, 6-5",40,32,6,8,3,4,0,1,6,0,1,4,5,0.25,0.342,0.469,0.811,15,0,1,2,1,2,2000-08-11_CHW,7197,CHW,2000-08-11,6,5,5,0,@,TBD,"W, 6-5",40,32,6,8,3,4,0,1,6,0,1,4,5,0.25,0.342,0.469,0.811,15,0,1,2,1,2,Keep
1897,BOS,2000-07-27,3,0,3,-3,@,OAK,"W, 5-4 (10)",42,37,5,8,3,3,1,1,5,1,0,5,7,0.216,0.31,0.432,0.742,16,0,0,0,0,1,2000-07-27_BOS,7228,BOS,2000-07-27,6,3,3,0,@,OAK,"W, 5-4 (10)",42,37,5,8,3,3,1,1,5,1,0,5,7,0.216,0.31,0.432,0.742,16,0,0,0,0,1,Keep
1898,MIL,2000-07-27,3,0,3,-3,@,PIT,"W, 4-3",34,34,4,9,7,1,0,1,4,1,1,0,4,0.265,0.265,0.382,0.647,13,1,0,0,0,0,2000-07-27_MIL,7229,MIL,2000-07-27,6,3,3,0,@,PIT,"W, 4-3",34,34,4,9,7,1,0,1,4,1,1,0,4,0.265,0.265,0.382,0.647,13,1,0,0,0,0,Keep
1901,DET,2000-07-22,3,0,3,-3,,KCR,"W, 10-6",43,37,10,14,10,3,0,1,10,2,0,6,5,0.378,0.465,0.541,1.006,20,1,0,0,0,1,2000-07-22_DET,7239,DET,2000-07-22,6,5,5,0,,KCR,"W, 10-6",43,37,10,14,10,3,0,1,10,2,0,6,5,0.378,0.465,0.541,1.006,20,1,0,0,0,1,Keep
1908,SFG,2000-07-06,3,0,3,-3,,COL,"W, 6-5",40,34,6,12,6,4,1,1,6,0,1,5,7,0.353,0.45,0.618,1.068,21,2,1,0,0,0,2000-07-06_SFG,7261,SFG,2000-07-06,6,4,4,0,,COL,"W, 6-5",40,34,6,12,6,4,1,1,6,0,1,5,7,0.353,0.45,0.618,1.068,21,2,1,0,0,0,Keep
1924,STL,2000-06-06,3,1,4,-3,,KCR,"W, 5-4",37,28,5,7,3,2,0,2,5,0,0,7,5,0.25,0.389,0.536,0.925,15,1,0,1,1,0,2000-06-06_STL,7311,STL,2000-06-06,6,4,4,0,,KCR,"W, 5-4",37,28,5,7,3,2,0,2,5,0,0,7,5,0.25,0.389,0.536,0.925,15,1,0,1,1,0,Keep
1936,TOR,2000-05-16,3,0,3,-3,,BOS,"W, 7-6",42,39,7,14,9,4,0,1,6,2,0,3,6,0.359,0.405,0.538,0.943,21,0,0,0,0,1,2000-05-16_TOR,7353,TOR,2000-05-16,6,4,4,0,,BOS,"W, 7-6",42,39,7,14,9,4,0,1,6,2,0,3,6,0.359,0.405,0.538,0.943,21,0,0,0,0,1,Keep
1945,TEX,2000-05-06,3,3,6,-3,,OAK,"W, 11-10",47,41,11,17,14,2,0,1,10,0,0,5,6,0.415,0.468,0.537,1.005,22,2,0,0,1,2,2000-05-06_TEX,7376,TEX,2000-05-06,6,6,6,0,,OAK,"W, 11-10",47,41,11,17,14,2,0,1,10,0,0,5,6,0.415,0.468,0.537,1.005,22,2,0,0,1,2,Keep
1948,MIL,2000-04-30,3,0,3,-3,,HOU,"W, 4-3",39,33,4,7,5,1,0,1,4,0,0,4,7,0.212,0.316,0.333,0.649,11,1,1,1,0,1,2000-04-30_MIL,7388,MIL,2000-04-30,6,3,3,0,,HOU,"W, 4-3",39,33,4,7,5,1,0,1,4,0,0,4,7,0.212,0.316,0.333,0.649,11,1,1,1,0,1,Keep
1952,MON,2000-04-18,3,0,3,-3,,CHC,"W, 4-3",31,31,4,9,5,4,0,0,4,0,0,0,2,0.29,0.29,0.419,0.71,13,2,0,0,0,0,2000-04-18_MON,7406,MON,2000-04-18,6,3,3,0,,CHC,"W, 4-3",31,31,4,9,5,4,0,0,4,0,0,0,2,0.29,0.29,0.419,0.71,13,2,0,0,0,0,Keep
